Date Submitted,Load Ref,0702090,0702099,0702089,0702092,0702404
02/10/2026 22:41,H43474,8,44,0,0,0
02/10/2026 12:17,H43568,30,22,0,0,0
02/10/2026 09:00,H43474,8,44,0,0,0
02/10/2026 03:17,H43443,0,52,0,0,0
01/10/2026 16:58,H43426,99,5,0,0,0
01/10/2026 12:03,H43386,52,0,0,0,0
30/09/2026 04:48,H43109,34,0,12,6,0
30/09/2026 01:20,H43105,31,0,16,5,0
29/09/2026 10:25,H42971,34,0,0,18,0
29/09/2026 00:00,H42971,34,0,0,18,0
29/09/2026 04:26,H42884,33,0,0,19,0
28/09/2026 22:04,H42882,39,0,0,13,0
28/09/2026 11:16,H42795,29,8,0,3,0
28/09/2026 05:32,H42706,23,29,0,0,0
28/09/2026 02:45,H42704,20,32,0,0,0
27/09/2026 23:53,H42702,22,30,0,0,0
27/09/2026 21:06,H42700,25,27,0,0,0
27/09/2026 18:37,H42698,22,30,0,0,0
25/09/2026 05:55,H42483,26,0,26,0,0
27/09/2026 16:32,H42696,24,28,0,0,0
27/09/2026 13:28,H42694,25,27,0,0,0
27/09/2026 10:34,H42692,30,22,0,0,0
25/09/2026 18:30,H42666,34,0,18,0,0
25/09/2026 15:14,H42642,27,0,25,0,0
24/09/2026 20:02,H42469,33,0,19,0,0
24/09/2026 16:44,H42452,31,21,0,0,0
24/09/2026 13:43,H42410,0,52,0,0,0
23/09/2026 18:31,H42281,1,49,0,2,0
22/09/2026 19:40,H42083,0,0,38,14,0
22/09/2026 14:34,H42032,0,0,32,20,0
21/09/2026 07:56,H41726,48,0,0,0,0
19/09/2026 00:24,H41684,52,0,0,0,0
19/09/2026 02:18,H41686,52,0,0,0,0
18/09/2026 22:47,H41682,52,0,0,0,0
18/09/2026 19:15,H41676,52,0,0,0,0
03/10/2026 16:50,H43611,45,7,0,0,0
03/10/2026 16:52,H43613,32,0,0,0,0
04/10/2026 17:16,H43633,52,0,0,0,0
05/10/2026 11:55,H43665,40,0,12,0,0
05/10/2026 18:07,H43808,1,0,51,0,0
06/10/2026 02:48,H43814,0,0,52,0,0
06/10/2026 08:48,h43844,0,0,52,0,0
06/10/2026 15:03,H43947,0,0,52,0,0
06/10/2026 20:43,H44008,0,0,52,0,0
07/10/2026 02:47,h44010,0,0,52,0,0
07/10/2026 08:57,H44020,0,0,50,0,0
07/10/2026 21:27,H44125,50,0,2,0,0
07/10/2026 21:47,H44149,52,0,0,0,0
08/10/2026 04:43,h44155,52,0,0,0,0
08/10/2026 07:23,H44159,10,0,0,9,33
08/10/2026 08:50,H44173,32,0,0,5,15
08/10/2026 11:42,H44257,30,0,0,7,23
08/10/2026 16:50,H44368,2,19,0,13,26
08/10/2026 19:25,H44371,0,26,0,6,20
09/10/2026 00:13,ct132,10,21,0,8,13
09/10/2026 02:14,h44382,9,19,0,7,17
09/10/2026 05:08,h44384,15,24,0,4,9
09/10/2026 07:47,H44388,34,15,0,3,0
09/10/2026 08:15,H44378,12,22,0,8,10
09/10/2026 09:17,H44402,31,20,0,1,0
09/10/2026 12:21,H44484,28,19,0,5,0
09/10/2026 14:13,test lees email,28,19,0,5,0
09/10/2026 14:16,LEE BEE EMAIL TEST,28,19,0,5,0
09/10/2026 14:22,test lees email,28,19,0,5,0
09/10/2026 14:23,LEEB EMAIL TEST,28,19,0,5,0
09/10/2026 14:25,LEEB EMAIL TEST,28,19,0,5,0
