Load Ref,Date,SSCC Code,Item Code,Description,Units,Rotation Date,Batch,Movement,Status,Positive Release,Catch Weight To Remove
H43613,03/10/2026 16:52,350002377205761659,0702090,Tesco Pcorn Swt/Slt,45,31/01/2027 00:00:00,061659,H43611,PR - Prime,Unrestricted,87.1750
H43613,03/10/2026 16:52,350002377205761666,0702090,Tesco Pcorn Swt/Slt,45,31/01/2027 00:00:00,061666,H43611,PR - Prime,Unrestricted,87.1750
H43613,03/10/2026 16:52,350002377205761673,0702090,Tesco Pcorn Swt/Slt,45,31/01/2027 00:00:00,061673,H43611,PR - Prime,Unrestricted,87.1750
H43613,03/10/2026 16:52,350002377205761642,0702090,Tesco Pcorn Swt/Slt,45,31/01/2027 00:00:00,061642,H43611,PR - Prime,Unrestricted,87.1750
H43613,03/10/2026 16:52,350002377205761307,0702090,Tesco Pcorn Swt/Slt,45,30/01/2027 00:00:00,061307,H43611,PR - Prime,Unrestricted,87.1750
H43613,03/10/2026 16:52,350002377205761321,0702090,Tesco Pcorn Swt/Slt,45,30/01/2027 00:00:00,061321,H43611,PR - Prime,Unrestricted,87.1750
H43613,03/10/2026 16:52,350002377205761338,0702090,Tesco Pcorn Swt/Slt,45,30/01/2027 00:00:00,061338,H43611,PR - Prime,Unrestricted,87.1750
H43613,03/10/2026 16:52,350002377205761345,0702090,Tesco Pcorn Swt/Slt,45,30/01/2027 00:00:00,061345,H43611,PR - Prime,Unrestricted,87.1750
H43613,03/10/2026 16:52,350002377205761284,0702090,Tesco Pcorn Swt/Slt,45,30/01/2027 00:00:00,061284,H43611,PR - Prime,Unrestricted,87.1750
H43613,03/10/2026 16:52,350002377205761291,0702090,Tesco Pcorn Swt/Slt,45,30/01/2027 00:00:00,061291,H43611,PR - Prime,Unrestricted,87.1750
H43613,03/10/2026 16:52,350002377205761369,0702090,Tesco Pcorn Swt/Slt,45,30/01/2027 00:00:00,061369,H43611,PR - Prime,Unrestricted,87.1750
H43613,03/10/2026 16:52,350002377205761376,0702090,Tesco Pcorn Swt/Slt,45,30/01/2027 00:00:00,061376,H43611,PR - Prime,Unrestricted,87.1750
H43613,03/10/2026 16:52,350002377205761383,0702090,Tesco Pcorn Swt/Slt,45,30/01/2027 00:00:00,061383,H43611,PR - Prime,Unrestricted,87.1750
H43613,03/10/2026 16:52,350002377205761406,0702090,Tesco Pcorn Swt/Slt,45,31/01/2027 00:00:00,061406,H43611,PR - Prime,Unrestricted,87.1750
H43613,03/10/2026 16:52,350002377205761413,0702090,Tesco Pcorn Swt/Slt,45,31/01/2027 00:00:00,061413,H43611,PR - Prime,Unrestricted,87.1750
H43613,03/10/2026 16:52,350002377205761437,0702090,Tesco Pcorn Swt/Slt,45,31/01/2027 00:00:00,061437,H43611,PR - Prime,Unrestricted,87.1750
H43613,03/10/2026 16:52,350002377205761451,0702090,Tesco Pcorn Swt/Slt,45,31/01/2027 00:00:00,061451,H43611,PR - Prime,Unrestricted,87.1750
H43613,03/10/2026 16:52,350002377205761468,0702090,Tesco Pcorn Swt/Slt,45,31/01/2027 00:00:00,061468,H43611,PR - Prime,Unrestricted,87.1750
H43613,03/10/2026 16:52,350002377205761475,0702090,Tesco Pcorn Swt/Slt,45,31/01/2027 00:00:00,061475,H43611,PR - Prime,Unrestricted,87.1750
H43613,03/10/2026 16:52,350002377205761499,0702090,Tesco Pcorn Swt/Slt,45,31/01/2027 00:00:00,061499,H43611,PR - Prime,Unrestricted,87.1750
H43613,03/10/2026 16:52,350002377205761505,0702090,Tesco Pcorn Swt/Slt,45,31/01/2027 00:00:00,061505,H43611,PR - Prime,Unrestricted,87.1750
H43613,03/10/2026 16:52,350002377205761512,0702090,Tesco Pcorn Swt/Slt,45,31/01/2027 00:00:00,061512,H43611,PR - Prime,Unrestricted,87.1750
H43613,03/10/2026 16:52,350002377205761536,0702090,Tesco Pcorn Swt/Slt,45,31/01/2027 00:00:00,061536,H43611,PR - Prime,Unrestricted,87.1750
H43613,03/10/2026 16:52,350002377205761543,0702090,Tesco Pcorn Swt/Slt,45,31/01/2027 00:00:00,061543,H43611,PR - Prime,Unrestricted,87.1750
H43613,03/10/2026 16:52,350002377205761550,0702090,Tesco Pcorn Swt/Slt,45,31/01/2027 00:00:00,061550,H43611,PR - Prime,Unrestricted,87.1750
H43613,03/10/2026 16:52,350002377205761574,0702090,Tesco Pcorn Swt/Slt,45,31/01/2027 00:00:00,061574,H43611,PR - Prime,Unrestricted,87.1750
H43613,03/10/2026 16:52,350002377205761598,0702090,Tesco Pcorn Swt/Slt,45,31/01/2027 00:00:00,061598,H43611,PR - Prime,Unrestricted,87.1750
H43613,03/10/2026 16:52,350002377205761604,0702090,Tesco Pcorn Swt/Slt,45,31/01/2027 00:00:00,061604,H43611,PR - Prime,Unrestricted,87.1750
H43613,03/10/2026 16:52,350002377205761611,0702090,Tesco Pcorn Swt/Slt,45,31/01/2027 00:00:00,061611,H43611,PR - Prime,Unrestricted,87.1750
H43613,03/10/2026 16:52,350002377205761628,0702090,Tesco Pcorn Swt/Slt,45,31/01/2027 00:00:00,061628,H43611,PR - Prime,Unrestricted,87.1750
H43613,03/10/2026 16:52,350002377205761635,0702090,Tesco Pcorn Swt/Slt,45,31/01/2027 00:00:00,061635,H43611,PR - Prime,Unrestricted,87.1750
H43613,03/10/2026 16:52,350002377205761420,0702090,Tesco Pcorn Swt/Slt,45,31/01/2027 00:00:00,061420,H43611,PR - Prime,Unrestricted,87.1750
H43613,03/10/2026 16:52,,,,1440,,,H43611,,,2789.6000
